frame_id,track_id,x1,y1,x2,y2
8,0,549,273,589,303
9,1,302,283,345,327
10,1,301,281,345,328
11,1,301,281,345,328
12,1,300,281,346,327
13,1,300,281,346,327
14,1,300,281,346,327
15,1,300,281,346,328
16,1,301,280,347,328
17,1,302,280,347,329
18,1,300,280,347,330
19,1,300,279,347,331
20,1,301,279,348,330
21,1,301,280,348,330
22,1,301,280,347,329
23,1,300,280,347,330
24,1,300,279,347,330
25,1,300,279,347,329
26,1,301,279,347,329
27,1,301,279,347,329
28,1,302,280,347,329
29,1,302,280,347,329
30,1,303,280,348,328
31,1,303,280,349,328
32,1,303,280,348,328
33,1,303,280,348,328
34,1,303,280,349,328
35,1,303,280,349,328
36,1,304,275,349,325
37,1,304,273,349,324
38,1,304,272,349,324
39,1,305,272,349,324
40,1,304,277,349,326
41,1,303,279,349,327
42,1,303,280,348,327
43,1,303,280,348,326
44,1,303,281,348,326
45,1,304,282,348,326
46,1,304,276,349,324
47,1,304,273,349,323
48,1,305,277,349,326
49,1,305,279,349,326
50,1,305,279,349,326
51,1,305,275,349,325
52,1,308,278,351,327
53,1,308,280,352,327
54,1,308,281,352,328
55,1,309,281,352,328
56,1,309,281,352,328
57,1,308,281,351,328
58,1,309,281,352,329
59,1,307,275,351,326
60,1,306,272,350,325
61,1,306,271,350,325
62,1,307,270,350,325
63,1,307,269,350,326
64,1,308,269,350,327
65,1,308,269,350,327
66,1,309,268,351,328
67,1,309,268,351,328
68,1,309,268,351,328
69,1,309,268,351,328
70,1,308,268,350,328
71,1,308,268,350,328
72,1,307,267,350,328
73,1,307,268,350,328
74,1,307,268,351,328
75,1,308,267,351,328
76,1,308,268,351,327
77,1,308,269,351,327
78,1,308,269,351,327
79,1,308,269,351,327
80,1,307,269,350,327
81,1,307,269,350,327
82,1,307,269,350,328
83,1,307,269,350,328
84,1,307,268,350,327
85,1,306,268,350,327
86,1,305,268,349,327
87,1,305,268,349,327
88,1,304,268,348,328
89,1,304,268,348,327
90,1,304,269,348,327
91,1,304,269,348,327
92,1,304,269,347,327
93,1,303,269,348,327
94,1,303,270,348,327
95,1,302,270,348,327
96,1,301,270,348,327
97,1,300,270,348,327
98,1,299,270,347,326
99,1,298,270,347,326
100,1,298,270,347,326
101,1,298,271,347,325
102,1,298,271,347,325
103,1,298,271,347,325
104,1,298,270,347,325
105,1,298,270,347,325
106,1,298,271,346,325
107,1,297,271,346,325
108,1,297,271,345,324
109,1,296,271,345,324
110,1,296,271,344,324
111,1,295,271,342,325
112,1,295,271,342,325
113,1,294,271,341,325
114,1,294,271,341,324
115,1,293,271,341,324
116,1,292,271,340,324
117,1,291,277,339,329
118,1,290,273,340,326
119,1,290,272,339,326
120,1,290,272,339,327
121,1,290,272,338,327
122,1,289,271,337,327
123,1,287,275,335,330
124,1,286,278,335,330
125,1,286,278,334,330
126,1,286,273,334,327
127,1,286,271,334,327
128,1,286,269,333,327
129,1,286,268,333,327
130,1,285,269,331,327
131,1,283,275,331,329
132,1,282,277,331,330
133,1,281,279,331,329
134,1,281,279,330,329
135,1,280,280,330,329
136,1,280,281,330,329
137,1,280,281,330,328
138,1,281,275,329,324
139,1,281,272,329,323
140,1,281,271,328,322
141,1,280,277,328,326
142,1,279,279,328,327
143,1,279,281,328,327
144,1,278,281,329,327
145,1,277,281,329,327
146,1,278,276,329,323
147,1,277,279,329,325
148,1,277,281,329,327
149,1,276,281,329,327
150,1,277,281,330,327
151,1,277,281,330,327
152,1,277,282,330,327
153,1,276,282,330,328
154,1,276,282,330,328
155,1,276,283,330,329
156,1,276,282,330,329
157,1,276,282,330,329
158,1,277,282,329,329
159,1,277,282,329,329
160,1,277,283,329,329
161,1,277,283,329,329
162,1,277,283,329,329
163,1,277,283,330,329
164,1,277,283,330,329
165,1,278,282,330,328
166,1,278,282,330,329
167,1,278,281,330,329
168,1,278,280,330,330
169,1,278,280,331,330
170,1,278,280,331,331
171,1,278,279,331,332
172,1,279,279,331,332
173,1,279,278,332,332
174,1,278,279,331,333
175,1,278,279,331,333
176,1,278,279,331,333
177,1,278,279,331,333
178,1,278,279,331,333
179,1,278,279,331,333
180,1,278,279,331,333
181,1,278,279,331,332
182,1,278,279,331,332
183,1,278,279,331,332
184,1,279,279,332,332
185,1,279,279,331,332
186,1,279,279,331,332
187,1,279,279,332,332
188,1,279,279,332,332
189,1,278,279,332,333
190,1,278,279,332,333
191,1,278,279,332,334
192,1,279,279,333,335
193,1,279,280,333,336
194,1,279,279,333,335
195,1,279,279,333,335
196,1,279,278,333,335
197,1,279,278,333,334
198,1,279,277,333,333
199,1,279,276,333,333
200,1,278,276,332,333
201,1,278,276,331,333
202,1,278,277,332,333
203,1,278,277,331,333
204,1,277,277,331,333
205,1,277,277,332,333
206,1,277,277,332,333
207,1,277,276,332,333
208,1,278,276,333,333
209,1,278,276,333,334
210,1,277,277,332,334
211,1,277,277,332,335
212,1,276,277,332,334
213,1,276,277,332,334
214,1,276,277,332,335
215,1,276,277,332,335
216,1,276,278,332,336
217,1,276,278,332,336
218,1,276,279,332,336
219,1,276,279,331,336
220,1,276,279,331,336
221,1,276,280,331,337
222,1,273,279,330,337
223,1,273,279,330,338
224,1,272,278,330,338
225,1,272,277,330,338
226,1,272,275,330,338
227,1,272,275,330,338
228,1,272,274,331,337
229,1,272,273,331,337
230,1,272,273,330,337
231,1,272,273,330,337
232,1,272,273,329,337
233,1,270,273,329,336
234,1,269,274,329,336
235,1,268,274,329,336
236,1,267,274,329,336
237,1,266,274,329,336
238,1,265,275,328,336
239,1,263,275,326,336
240,1,263,275,326,335
241,1,263,276,326,335
242,1,262,276,325,336
243,1,261,276,323,336
244,1,259,277,322,337
245,1,258,277,320,336
246,1,257,277,319,337
247,1,256,277,319,337
248,1,256,277,318,338
249,1,255,278,317,338
250,1,254,279,316,338
251,1,254,280,316,338
252,1,252,279,314,338
253,1,252,279,314,338
254,1,252,278,314,337
255,1,251,277,314,336
256,1,250,277,314,337
257,1,250,278,313,338
258,1,249,278,313,339
259,1,249,278,313,339
260,1,248,277,312,338
261,1,247,277,311,340
262,1,247,277,311,341
263,1,246,277,311,341
264,1,247,276,311,342
265,1,247,276,311,342
266,1,247,276,311,341
267,1,247,276,312,340
268,1,246,275,312,338
269,1,246,274,312,337
270,1,245,274,312,337
271,1,245,275,312,336
272,1,245,275,311,335
273,1,245,275,310,334
274,1,245,275,310,334
275,1,244,275,309,334
276,1,244,276,308,334
277,1,245,276,308,335
278,1,245,276,307,335
279,1,244,277,307,336
280,1,243,277,306,337
281,1,243,277,306,338
282,1,242,278,305,340
283,1,241,279,304,340
284,1,241,278,305,340
285,1,240,278,305,340
286,1,240,278,304,340
287,1,239,278,304,340
288,1,239,278,304,340
289,1,239,278,304,340
290,1,239,278,304,341
291,1,238,277,303,340
292,1,237,276,303,339
293,1,234,275,302,340
294,1,233,275,302,340
295,1,232,275,303,341
296,1,231,274,303,341
297,1,230,273,304,343
298,1,230,273,304,344
299,1,229,272,305,343
300,1,229,272,305,343
301,1,229,272,305,342
302,1,229,272,305,342
303,1,228,273,304,342
304,1,228,273,303,343
305,1,228,273,304,343
306,1,228,274,303,344
307,1,228,274,302,344
308,1,227,274,302,344
309,1,227,274,301,345
310,1,226,275,301,347
311,1,225,276,300,348
312,1,223,275,298,349
313,1,222,274,298,349
314,1,221,274,298,350
315,1,220,274,297,350
316,1,219,274,297,350
317,1,218,273,296,350
318,1,217,272,297,350
319,1,217,272,297,351
320,1,217,270,298,350
321,1,216,268,297,350
322,1,217,268,298,350
323,1,216,268,297,351
324,1,215,267,296,351
325,1,215,267,296,351
326,1,215,269,296,352
327,1,215,269,295,352
328,1,214,268,295,352
329,1,214,268,295,352
330,1,213,268,295,353
331,1,213,268,295,353
332,1,213,268,295,354
333,1,213,269,296,354
334,1,212,269,295,354
335,1,211,269,295,354
336,1,211,269,295,354
337,1,210,270,295,355
338,1,210,270,295,356
339,1,210,270,295,356
340,1,209,270,294,358
341,1,207,269,293,358
342,1,207,269,293,358
343,1,206,269,293,359
344,1,206,269,292,359
345,1,205,271,292,358
346,1,204,271,292,357
347,1,204,273,291,357
348,1,204,273,292,357
349,1,203,274,291,357
350,1,203,273,291,356
351,1,202,273,290,356
352,1,201,273,290,356
353,1,200,272,290,355
354,1,199,271,289,354
355,1,199,270,289,354
356,1,198,269,289,354
357,1,198,269,289,354
358,1,196,268,288,354
359,1,196,268,288,354
360,1,195,269,288,354
361,1,194,269,288,354
362,1,194,270,286,354
363,1,193,270,285,355
364,1,192,271,285,356
365,1,192,271,285,356
366,1,191,270,285,356
367,1,190,270,285,356
368,1,190,270,286,357
369,1,190,270,286,357
370,1,190,270,286,358
371,1,191,271,285,359
372,1,186,272,281,361
373,1,184,272,280,362
374,1,184,271,280,362
375,1,182,271,278,363
376,1,181,271,278,363
377,1,181,272,278,364
378,1,180,271,278,364
379,1,180,270,279,364
380,1,179,271,279,366
381,1,178,271,279,367
382,1,176,271,278,368
383,1,174,272,279,368
384,1,172,272,278,369
385,1,171,273,279,370
386,1,170,271,279,370
387,1,169,271,279,370
388,1,167,270,279,371
389,1,167,269,280,372
390,1,164,270,279,372
391,1,163,270,279,373
392,1,160,270,277,373
393,1,159,271,276,373
394,1,157,271,275,375
395,1,157,271,276,375
396,1,155,271,276,376
397,1,154,271,276,376
398,1,153,270,277,376
399,1,152,271,277,375
400,1,150,271,277,376
401,1,148,271,277,376
402,1,146,271,277,376
403,1,145,271,278,376
404,1,144,270,279,376
405,1,143,270,279,377
406,1,142,269,278,378
407,1,142,269,279,378
408,1,142,268,279,378
409,1,142,267,279,379
410,1,142,267,280,379
411,1,141,267,280,381
412,1,141,267,281,381
413,1,140,266,281,382
414,1,139,266,281,382
415,1,138,265,281,382
416,1,137,268,280,386
417,1,137,270,279,389
418,1,137,270,280,391
419,1,135,269,279,393
420,1,134,269,279,394
421,1,134,268,280,394
422,1,134,268,280,396
423,1,133,268,279,397
424,1,133,268,280,398
425,1,131,269,281,399
426,1,131,268,281,400
427,1,131,268,281,401
428,1,130,266,282,401
429,1,129,264,283,402
430,1,129,263,285,403
431,1,128,263,286,403
432,1,128,264,287,404
433,1,128,264,287,405
434,1,128,264,287,405
435,1,127,264,288,405
436,1,126,264,288,406
437,1,125,264,288,406
438,1,123,265,289,406
439,1,122,265,290,407
440,1,121,265,290,408
441,1,119,264,291,409
442,1,118,263,292,410
443,1,117,264,293,412
444,1,116,264,293,412
445,1,116,264,294,412
446,1,116,264,294,413
447,1,115,263,295,415
448,1,114,263,296,417
449,1,114,262,295,418
450,1,112,262,296,420
451,1,112,262,297,421
452,1,113,262,296,421
453,1,113,262,296,421
454,1,113,263,295,423
455,1,114,263,295,422
456,1,109,262,288,422
457,1,113,262,292,421
458,1,114,263,293,419
459,1,115,264,294,419
460,1,110,264,288,421
461,1,109,262,285,423
462,1,109,263,283,424
463,1,109,263,282,424
464,1,109,264,279,424
465,1,118,264,289,424
466,1,122,263,293,423
467,1,122,262,295,423
468,1,121,262,297,424
469,1,120,262,297,424
470,1,119,262,297,424
471,1,118,264,296,426
472,1,116,264,295,425
473,1,115,265,295,424
474,1,115,264,296,423
475,1,115,264,297,422
476,1,115,264,297,421
477,1,114,264,297,421
478,1,115,264,298,421
479,1,116,264,297,421
480,1,118,266,298,423
481,1,119,266,297,424
482,1,119,266,297,424
483,1,119,266,296,423
484,1,119,265,296,423
485,1,120,265,295,422
486,1,120,264,295,421
487,1,120,264,294,420
488,1,121,263,294,419
489,1,122,263,294,419
490,1,122,262,294,420
491,1,123,263,294,421
492,1,123,263,294,420
493,1,124,262,293,420
494,1,125,261,291,419
495,1,126,261,290,418
496,1,127,260,288,417
497,1,128,261,289,417
498,1,130,262,289,416
499,1,131,262,288,417
500,1,129,262,288,415
501,1,129,261,287,414
502,1,130,261,288,415
503,1,130,262,290,416
504,1,129,263,291,418
505,1,129,263,292,418
506,1,129,262,292,418
507,1,130,263,292,419
508,1,131,262,293,418
509,1,131,262,293,417
510,1,133,262,293,417
511,1,134,262,292,417
512,1,134,263,293,417
513,1,135,264,294,418
514,1,137,264,296,418
515,1,138,265,296,418
516,1,139,264,295,415
517,1,139,264,295,414
518,1,139,264,294,414
519,1,139,264,294,414
520,1,140,264,294,413
521,1,141,264,295,414
522,1,142,264,295,413
523,1,142,264,295,414
524,1,143,264,297,414
525,1,145,263,298,414
526,1,146,263,301,414
527,1,147,262,301,413
528,1,149,261,302,413
529,1,150,261,302,413
530,1,150,262,303,414
531,1,150,263,303,415
532,1,152,263,305,415
533,1,153,263,305,415
534,1,152,263,305,415
535,1,152,264,305,414
536,1,153,264,306,415
537,1,153,264,306,415
538,1,152,265,306,416
539,1,153,266,308,415
540,1,154,265,309,414
541,1,154,264,310,413
542,1,155,265,309,413
543,1,153,266,307,413
544,1,153,266,308,412
545,1,154,266,307,412
546,1,154,264,306,409
547,1,155,264,306,409
548,1,156,264,307,408
549,1,162,265,311,406
550,1,164,266,312,405
551,1,166,267,312,405
552,1,167,267,312,405
553,1,168,267,312,404
554,1,167,267,311,404
555,1,167,267,311,404
556,1,168,267,310,404
557,1,169,266,310,405
558,1,170,266,311,406
559,1,170,266,310,406
560,1,171,266,310,407
561,1,170,265,309,407
562,1,171,266,309,408
563,1,172,266,308,408
564,1,172,265,308,407
565,1,172,265,307,408
566,1,173,265,307,408
567,1,173,265,307,407
568,1,173,266,306,408
569,1,173,265,306,408
570,1,173,265,306,409
571,1,173,265,306,409
572,1,173,266,305,409
573,1,168,266,302,410
574,1,170,265,304,410
575,1,171,265,305,409
576,1,172,263,305,408
577,1,173,263,305,408
578,1,172,263,304,407
579,1,172,263,304,406
580,1,172,263,304,406
581,1,172,265,305,407
582,1,165,265,302,408
583,1,162,264,302,409
584,1,161,265,301,409
585,1,161,264,302,407
586,1,161,265,303,408
587,1,161,265,302,407
588,1,160,265,302,406
589,1,160,265,302,406
590,1,160,264,302,405
591,1,160,264,301,404
592,1,160,263,299,403
593,1,160,263,298,404
594,1,159,264,296,404
595,1,158,265,296,404
596,1,158,265,295,404
597,1,157,265,293,405
598,1,155,265,291,405
599,1,151,265,287,405
600,1,151,265,286,406
601,1,150,265,286,406
602,1,150,265,287,406
603,1,149,265,285,406
604,1,148,265,284,406
605,1,147,265,283,406
606,1,146,267,281,407
607,1,146,267,281,408
608,1,145,267,279,407
609,1,143,266,278,407
610,1,142,268,277,408
611,1,141,269,277,408
612,1,139,268,276,407
613,1,138,268,276,407
614,1,137,268,276,406
615,1,135,268,277,406
616,1,132,267,279,404
617,1,128,268,280,403
618,1,123,267,276,406
619,1,120,267,275,407
620,1,117,267,274,408
621,1,114,266,271,410
622,1,111,266,267,411
623,1,109,267,264,412
624,1,106,266,260,412
625,1,105,266,258,412
626,1,103,266,256,413
627,1,100,267,257,414
628,1,97,268,259,416
629,1,94,269,259,417
630,1,95,268,259,417
631,1,96,267,259,417
632,1,92,269,258,419
633,1,82,268,248,420
634,1,78,267,245,420
635,1,74,273,246,430
636,1,69,269,243,426
637,1,67,267,243,425
638,1,66,266,242,425
639,1,64,264,242,424
640,1,60,263,240,424
641,1,50,259,240,430
642,1,43,256,240,435
643,1,38,254,241,438
644,1,30,253,235,440
645,1,25,252,232,442
646,1,21,251,230,442
647,1,15,250,227,442
648,1,10,251,225,444
649,1,7,250,225,444
650,1,3,250,224,445
651,1,0,248,223,446
652,1,0,247,222,448
653,1,0,247,224,449
654,1,-1,245,222,450
655,1,-2,244,221,450
656,1,-3,243,218,450
657,1,-3,243,217,450
658,1,-2,242,216,451
659,1,0,242,212,452
660,1,-3,243,205,452
661,1,-4,243,202,452
662,1,-5,242,197,451
663,1,-5,241,193,452
664,1,-4,248,191,460
665,1,-4,251,190,463
666,1,-3,244,187,457
667,1,-2,242,186,456
668,1,-2,240,184,454
669,1,-3,241,176,448
670,1,-2,240,169,445
671,1,-1,242,165,444
672,1,0,242,159,442
673,1,1,241,156,441
674,1,1,242,152,442
675,1,2,240,148,442
676,1,2,240,144,442
677,1,2,238,140,443
678,1,0,237,132,447
679,1,0,236,128,450
680,1,0,246,125,460
681,1,0,251,121,462
682,1,-2,255,116,463
683,1,-3,259,110,464
684,1,-4,259,105,466
685,1,-3,259,102,467
686,1,-4,267,97,469
687,1,-4,269,92,470
99,2,426,272,468,317
100,2,432,271,477,319
101,2,437,270,486,320
102,2,442,268,494,321
103,2,444,267,498,321
104,2,447,267,506,325
105,2,451,265,516,329
106,2,456,265,528,332
107,2,464,263,543,335
108,2,475,264,560,341
109,2,477,263,567,343
110,2,486,265,581,346
111,2,498,263,600,350
112,2,513,262,622,354
113,2,525,261,637,360
114,2,539,261,647,365
115,2,545,259,650,368
116,2,557,257,652,368
117,2,575,255,657,369
109,3,381,275,424,318
110,3,383,274,425,317
111,3,384,274,427,319
117,4,401,272,476,339
118,4,405,270,486,342
119,4,413,269,505,347
120,4,419,267,522,354
121,4,420,266,529,356
122,4,426,265,546,363
123,4,439,263,573,373
124,4,455,267,601,389
125,4,468,269,627,405
126,4,483,268,644,421
127,4,488,264,649,430
128,4,503,262,655,446
129,4,525,254,662,444
169,5,410,267,456,325
170,5,411,272,462,332
171,5,413,273,469,336
172,5,416,269,480,340
173,5,420,268,495,345
174,5,429,268,510,352
175,5,431,268,516,355
176,5,438,266,531,361
177,5,450,264,552,368
178,5,466,268,580,383
179,5,480,265,611,395
180,5,496,266,633,411
181,5,500,263,642,420
182,5,518,260,652,424
183,5,539,256,659,429
350,6,539,268,645,361
452,7,528,260,646,377
453,7,550,261,649,374
457,8,387,268,462,338
522,9,448,273,488,307
523,9,449,273,489,307
548,10,496,275,563,323
549,10,500,275,569,323
550,10,505,273,575,325
551,10,510,272,581,326
563,11,552,272,640,336
565,12,358,276,395,312
566,12,361,276,399,312
567,12,366,276,405,316
568,12,366,276,405,316
569,12,366,276,405,316
570,12,366,276,405,316
571,12,378,269,423,319
572,12,377,267,425,319
573,12,380,267,429,320
574,12,380,267,433,323
575,12,382,265,440,326
581,13,403,257,511,356
582,13,408,251,530,366
583,13,411,250,537,370
584,13,419,249,554,377
585,13,428,248,581,392
586,13,442,250,612,408
587,13,448,246,637,432
588,13,459,239,650,446
589,13,463,233,654,455
590,13,483,226,661,457
591,13,512,214,668,457
626,14,532,249,644,421
698,15,395,274,434,310
699,15,400,274,443,313
700,15,406,273,450,313
701,15,411,274,457,315
702,15,413,274,461,317
703,15,413,274,462,318
704,15,415,274,463,319
705,15,416,274,467,322
706,15,423,273,477,324
707,15,428,272,487,326
708,15,435,270,498,326
709,15,436,269,502,327
710,15,440,269,509,330
711,15,448,268,521,332
712,15,456,269,536,337
720,16,567,259,651,368
721,16,575,260,648,367
721,17,507,271,560,320
722,17,510,272,563,320
723,17,513,273,566,322
724,17,516,275,569,324
725,17,525,275,579,325
726,17,530,275,588,325
727,17,531,276,591,325
728,17,536,276,600,326
729,17,536,276,600,326
730,17,545,278,614,329
731,17,551,277,627,330
732,17,557,277,635,331
733,17,559,277,638,331
734,17,559,277,638,331
735,17,559,277,638,331
736,17,559,277,638,331
737,17,577,277,647,333
738,17,589,276,650,333
739,17,594,275,649,333
806,18,406,274,448,309
807,18,412,275,455,312
808,18,415,274,458,314
809,18,417,275,463,318
810,18,425,276,472,322
811,18,427,276,475,323
812,18,431,276,482,325
813,18,438,278,493,328
814,18,443,275,502,327
815,18,449,277,515,332
816,18,457,275,531,335
817,18,459,275,538,337
818,18,465,275,551,341
819,18,480,272,574,343
820,18,494,271,599,350
821,18,511,271,625,356
822,18,524,271,640,363
823,18,530,269,646,367
824,18,543,267,651,370
825,18,560,268,656,374
842,19,405,273,447,310
843,19,412,272,454,310
844,19,416,272,457,310
845,19,417,272,461,312
846,19,421,270,468,313
847,19,422,269,470,313
848,19,427,268,478,314
849,19,434,267,490,317
850,19,442,266,501,319
851,19,449,266,514,323
852,19,455,266,528,327
853,19,456,266,533,329
854,19,465,269,550,335
855,19,479,270,572,339
856,19,490,271,591,347
857,19,504,271,619,355
858,19,519,272,637,363
859,19,524,271,644,368
860,19,537,269,650,371
861,19,557,269,657,375
870,20,381,278,431,328
871,20,380,279,433,330
872,20,385,278,443,332
873,20,389,274,457,338
874,20,394,272,473,345
875,20,402,274,490,353
876,20,412,275,514,365
877,20,414,274,524,370
878,20,426,275,551,383
879,20,438,275,587,402
880,20,457,270,621,415
881,20,479,277,643,438
882,20,507,276,658,449
883,20,521,274,661,455
1086,21,385,258,431,312
1087,21,384,258,433,312
1085,22,495,240,626,375
1086,22,505,238,640,382
1087,22,508,236,644,385
1088,22,508,236,644,385
1089,22,518,233,650,393
1090,22,530,230,653,396
1089,23,450,242,531,340
1127,24,387,269,424,305
1128,24,387,270,427,307
1129,24,386,271,428,307
1130,24,385,271,429,308
1166,25,488,271,522,311
1167,25,493,270,530,315
1168,25,502,267,541,314
1169,25,513,266,554,317
1170,25,518,266,563,320
1171,25,520,266,567,322
1183,26,457,273,503,314
1184,26,464,274,511,316
1185,26,472,273,521,317
1186,26,480,274,530,319
1187,26,486,274,537,321
1188,26,492,274,546,322
1189,26,495,274,549,323
1190,26,500,274,558,323
1191,26,510,274,568,324
1192,26,520,274,579,325
1193,26,527,274,589,326
1194,26,535,273,601,327
1195,26,538,272,606,328
1196,26,538,272,606,328
1197,26,538,272,606,328
1198,26,538,272,606,328
1199,26,574,272,644,337
1200,26,587,271,649,338
1201,26,594,271,649,338
1193,27,451,274,498,313
1194,27,459,275,509,315
1195,27,461,275,512,316
1196,27,465,275,518,318
1197,27,472,274,528,319
1198,27,478,273,536,320
1199,27,482,273,544,322
1200,27,488,273,553,324
1201,27,489,273,556,324
1202,27,497,272,566,325
1203,27,505,271,577,327
1204,27,513,270,588,328
1205,27,521,269,600,329
1206,27,533,268,614,331
1207,27,536,267,620,332
1208,27,542,269,632,335
1209,27,550,269,640,337
1210,27,559,270,645,339
1202,28,430,264,497,322
1205,29,404,270,445,312
1206,29,406,271,450,314
1207,29,407,271,451,315
1208,29,410,270,454,316
1209,29,413,271,457,316
1210,29,415,271,459,316
1211,29,416,270,462,316
1212,29,417,269,465,317
1213,29,416,269,467,318
1214,29,417,269,471,321
1215,29,419,270,477,323
1216,29,423,271,482,323
1217,29,428,270,489,323
1218,29,433,270,496,322
1219,29,434,270,499,322
1213,30,481,259,589,342
1214,30,481,257,599,345
1215,30,481,257,599,345
1216,30,481,257,599,345
1217,30,481,257,599,345
1218,30,512,250,646,360
1219,30,515,248,647,362
1220,30,523,249,649,366
1221,30,534,249,651,369
1222,30,545,248,652,370
1225,31,445,264,562,342
1226,31,452,267,567,342
1227,31,462,267,577,342
1228,31,474,266,590,343
1229,31,483,266,608,348
1230,31,493,264,627,352
1231,31,496,263,635,354
1232,31,498,261,642,357
1233,31,506,263,647,364
1234,31,516,264,651,369
1235,31,529,262,654,369
1236,31,539,261,654,370
1237,31,545,259,652,371
1238,31,559,260,654,374
1228,32,413,275,453,309
1229,32,414,273,456,311
1235,33,432,274,485,324
1236,33,432,274,485,324
1237,33,432,274,485,324
1238,33,432,274,485,324
1239,33,432,274,485,324
1240,33,432,274,485,324
1241,33,432,274,485,324
1242,33,468,275,537,338
1243,33,472,275,542,339
1244,33,477,271,551,339
1245,33,478,269,562,341
1246,33,485,266,574,343
1247,33,496,267,589,349
1248,33,507,265,607,354
1249,33,509,263,614,356
1250,33,517,265,627,358
1251,33,526,265,638,363
1252,33,538,266,646,367
1253,33,550,265,651,370
1254,33,561,263,653,371
1255,33,567,261,652,373
1256,33,580,263,654,377
1245,34,424,271,476,323
1246,34,430,271,485,322
1247,34,437,271,494,323
1248,34,437,270,497,324
1249,34,437,270,500,325
1250,34,444,269,511,328
1251,34,451,268,520,329
1252,34,454,268,529,330
1253,34,460,267,538,332
1254,34,467,269,549,338
1255,34,469,269,554,340
1256,34,475,268,562,343
1257,34,481,267,572,345
1258,34,492,266,590,349
1259,34,501,266,604,353
1260,34,509,266,619,358
1261,34,511,265,626,361
1262,34,522,262,639,365
1263,34,530,262,645,371
1264,34,542,260,650,373
1265,34,554,258,653,375
1260,35,424,269,472,322
1261,35,425,269,475,323
1262,35,429,269,478,323
1268,36,451,266,518,331
1269,36,453,266,532,339
1270,36,453,266,532,339
1271,36,464,266,553,345
1272,36,474,265,571,347
1273,36,477,264,577,348
1274,36,484,264,592,354
1275,36,493,261,608,358
1276,36,493,261,608,358
1277,36,509,260,632,363
1280,37,353,256,390,302
1281,37,353,255,390,301
1282,37,353,255,390,302
1285,38,417,256,461,314
1286,38,417,255,465,317
1287,39,473,256,570,347
1288,39,473,256,570,347
1289,39,487,259,598,356
1290,39,497,258,621,363
1291,39,498,258,629,366
1292,39,507,259,641,369
1293,39,512,262,646,375
1294,39,521,260,651,378
1295,39,531,257,653,377
1296,39,543,256,655,379
1297,39,549,255,653,379
1298,39,563,254,654,380
1299,39,575,253,654,378
1296,40,453,249,548,333
1297,40,454,249,551,334
1298,40,457,248,560,337
1299,40,463,245,574,340
1300,40,472,243,588,345
1301,40,479,244,604,351
1302,40,486,241,619,356
1303,40,487,240,625,359
1304,40,495,237,637,362
1305,40,504,242,644,369
1306,40,511,245,646,376
1307,40,520,244,649,382
1327,41,480,187,640,456
1328,41,480,187,640,456
1329,41,506,190,646,443
1336,42,405,264,478,350
1337,42,407,262,485,352
1338,42,409,258,494,355
1339,42,408,257,498,357
1340,42,415,256,509,362
1341,42,419,255,522,368
1342,42,423,252,537,375
1343,42,428,249,556,382
1344,42,431,249,570,391
1345,42,429,248,577,396
1346,42,434,252,589,406
1347,42,446,254,609,417
1348,42,456,253,628,428
1349,42,461,248,640,443
1350,42,468,242,648,453
1351,42,472,236,650,460
1352,42,473,232,647,465
1353,42,490,227,653,464
1354,42,504,226,654,464
1355,42,525,236,659,474
1346,43,375,239,461,333
1347,43,378,239,466,334
1348,43,383,238,475,337
1349,43,390,240,485,347
1350,43,391,238,492,352
1351,43,391,237,495,354
1372,44,426,249,539,370
1373,44,425,243,556,375
1374,44,427,241,570,381
1375,44,426,240,575,384
1376,44,426,240,575,384
1377,44,432,239,600,397
1378,44,432,239,600,397
1379,44,432,239,600,397
1380,44,447,242,633,428
1381,44,451,240,645,443
1382,44,454,237,648,452
1383,44,462,231,651,458
1384,44,469,224,654,461
1385,44,487,219,659,463
1386,44,502,221,660,463
1387,44,510,222,657,463
1388,44,529,239,659,476
1456,45,433,236,587,383
1457,45,437,237,599,388
1458,45,445,239,614,397
1459,45,446,239,620,401
1460,45,450,234,634,407
1461,45,451,227,642,418
1462,45,454,229,646,433
1463,45,465,228,650,444
1464,45,473,222,654,454
1465,45,477,216,654,462
1466,45,483,204,653,444
1467,45,499,199,657,443
1468,45,514,194,658,442
1469,45,533,193,660,448
1459,46,405,277,448,338
1460,46,409,275,455,340
1461,46,408,269,463,344
1462,46,409,265,472,347
1463,46,410,261,482,351
1464,46,415,259,493,353
1465,46,415,258,498,355
1466,46,417,260,504,356
1467,46,423,261,519,361
1468,46,426,263,532,366
1469,46,430,264,546,369
1470,46,432,266,562,374
1471,46,431,266,570,376
1472,46,437,268,583,385
1473,46,440,269,593,392
1474,46,448,269,608,400
1475,46,453,268,627,407
1476,46,458,270,638,418
1477,46,459,270,642,423
1478,46,465,275,644,438
1479,46,473,277,647,449
1480,46,479,266,649,439
1481,46,493,261,653,437
1482,46,507,265,655,448
1483,46,514,265,654,454
1484,46,529,261,656,460
1485,46,545,258,658,465
1521,47,395,277,440,313
1522,47,398,276,444,313
1523,47,398,276,444,313
1524,47,398,276,444,313
1525,47,398,276,444,313
1526,47,398,276,444,313
1527,47,398,276,444,313
1528,47,412,274,460,314
1529,47,417,274,470,317
1530,47,424,274,478,319
1531,47,425,273,481,321
1532,47,427,273,486,323
1533,47,431,273,495,325
1534,47,435,272,502,324
1535,47,440,271,511,326
1536,47,444,271,522,327
1537,47,444,271,527,328
1538,47,451,272,538,332
1539,47,455,271,547,335
1540,47,464,270,563,339
1541,47,477,271,580,343
1542,47,488,271,596,348
1543,47,491,271,603,351
1544,47,500,268,619,355
1545,47,512,268,634,360
1546,47,522,267,643,366
1547,47,536,268,650,372
1548,47,551,267,654,374
1549,47,558,265,653,376
1550,47,572,263,655,378
1544,48,468,271,512,317
1545,48,474,269,523,320
1546,48,481,271,532,323
1547,48,488,270,544,324
1548,48,496,270,557,325
1549,48,498,269,562,325
1550,48,505,268,574,326
1551,48,512,267,586,328
1552,48,519,267,599,331
1553,48,519,267,599,331
1554,48,537,268,624,337
1555,48,542,267,635,340
1556,48,549,266,642,342
1557,48,556,266,647,345
1558,48,556,266,647,345
1559,48,577,267,654,347
1623,49,240,256,282,312
1639,50,204,249,262,334
1640,50,201,248,261,337
1641,50,201,248,261,337
1642,50,201,248,261,337
1643,50,189,244,254,340
1644,50,181,242,251,341
1645,50,179,240,250,342
1646,50,176,241,249,345
1647,50,173,241,246,347
1648,50,168,241,240,346
1649,50,165,240,237,346
1650,50,165,240,237,346
1651,50,165,240,237,346
1652,50,158,241,235,349
1653,50,149,241,231,353
1664,51,536,277,632,320
1665,51,549,276,643,320
1666,51,561,276,650,321
1681,52,436,272,490,305
1682,52,440,271,495,304
1683,52,445,272,501,306
1684,52,449,273,506,308
1685,52,454,273,514,309
1686,52,458,271,523,310
1687,52,459,271,526,310
1688,52,464,270,535,310
1689,52,470,268,543,310
1690,52,478,269,553,313
1691,52,485,267,565,314
1692,52,485,267,565,314
1693,52,485,267,565,314
1694,52,496,267,588,319
1695,52,508,266,611,325
1696,52,517,264,628,327
1697,52,529,264,641,331
1698,52,539,261,647,331
1699,52,544,259,649,332
1700,52,544,259,649,332
1701,52,516,265,641,356
1702,52,516,265,641,356
1703,52,516,265,641,356
1704,52,516,265,641,356
1705,52,516,265,641,356
1706,52,516,265,641,356
1707,52,516,265,641,356
1708,52,516,265,641,356
1709,52,516,265,641,356
1710,52,516,265,641,356
1711,52,516,265,641,356
1712,52,516,265,641,356
1713,52,516,265,641,356
1714,52,516,265,641,356
1715,52,516,265,641,356
1716,52,516,265,641,356
1717,52,516,265,641,356
1718,52,516,265,641,356
1719,52,516,265,641,356
1720,52,516,265,641,356
1721,52,516,265,641,356
1722,52,516,265,641,356
1723,52,516,265,641,356
1724,52,516,265,641,356
1725,52,516,265,641,356
1726,52,516,265,641,356
1727,52,516,265,641,356
1728,52,516,265,641,356
1729,52,516,265,641,356
1730,52,516,265,641,356
1731,52,516,265,641,356
1732,52,516,265,641,356
1733,52,516,265,641,356
1734,52,516,265,641,356
1735,52,516,265,641,356
1736,52,516,265,641,356
1737,52,516,265,641,356
1738,52,516,265,641,356
1739,52,516,265,641,356
1740,52,516,265,641,356
1741,52,516,265,641,356
1742,52,516,265,641,356
1743,52,516,265,641,356
1744,52,516,265,641,356
1745,52,516,265,641,356
1746,52,516,265,641,356
1747,52,516,265,641,356
1748,52,516,265,641,356
1749,52,516,265,641,356
1750,52,516,265,641,356
1751,52,491,263,627,344
1805,53,438,274,487,316
1806,53,443,273,495,318
1807,53,444,273,497,318
1808,53,444,273,497,318
1809,53,444,273,497,318
1810,53,444,273,497,318
1811,53,444,273,497,318
1812,53,444,273,497,318
1813,53,444,273,497,318
1814,53,444,273,497,318
1815,53,444,273,497,318
1816,53,444,273,497,318
1817,53,444,273,497,318
1818,53,444,273,497,318
1819,53,444,273,497,318
1820,53,444,273,497,318
1821,53,444,273,497,318
1822,53,444,273,497,318
1823,53,444,273,497,318
1824,53,444,273,497,318
1825,53,444,273,497,318
1826,53,444,273,497,318
1827,53,444,273,497,318
1828,53,444,273,497,318
1829,53,444,273,497,318
1830,53,444,273,497,318
1831,53,444,273,497,318
1832,53,444,273,497,318
1833,53,444,273,497,318
1834,53,444,273,497,318
1835,53,444,273,497,318
1836,53,444,273,497,318
1837,53,444,273,497,318
1838,53,444,273,497,318
1839,53,444,273,497,318
1840,53,444,273,497,318
1841,53,444,276,539,347
1842,53,452,277,558,354
1843,53,453,277,566,358
1844,53,463,277,589,364
1845,53,478,276,615,369
1846,53,478,276,615,369
1847,53,478,276,615,369
1848,53,506,280,640,385
1849,53,518,280,648,393
1861,54,385,281,430,319
1862,54,384,281,429,319
1863,54,383,280,431,320
1864,54,383,279,433,321
1865,54,390,278,442,321
1866,54,396,280,451,325
1867,54,398,280,454,326
1868,54,403,280,462,328
1869,54,405,280,465,329
1870,54,413,278,481,332
1871,54,417,278,492,335
1872,54,421,276,505,339
1873,54,420,275,511,341
1874,54,427,273,526,343
1875,54,432,272,540,348
1876,54,440,273,556,355
1877,54,450,274,576,364
1878,54,459,273,595,371
1879,54,461,272,603,376
1880,54,476,275,622,387
1881,54,486,275,635,396
1882,54,502,275,647,408
1883,54,519,272,653,410
1884,54,542,270,660,416
1885,54,553,267,660,420
1863,55,428,281,465,318
1864,55,437,280,475,319
1865,55,443,278,483,319
1866,55,449,277,489,320
1867,55,451,277,492,320
1868,55,453,277,494,322
1869,55,454,277,497,322
1892,56,419,272,464,311
1893,57,384,274,424,311
1894,57,385,273,426,312
1895,57,386,273,428,313
1896,57,391,274,436,317
1897,57,393,274,439,318
1898,57,398,273,445,320
1899,57,401,273,451,323
1900,57,406,276,460,327
1901,57,411,278,467,332
1902,57,415,281,477,338
1903,57,416,282,481,342
1904,57,416,282,481,342
1905,57,427,281,499,346
1906,57,433,280,515,354
1907,57,433,280,515,354
1908,57,450,278,554,364
1909,57,453,276,571,368
1910,57,453,276,571,368
1911,57,480,275,613,384
1912,57,494,276,633,397
1913,57,511,273,646,402
1914,57,533,272,656,407
1915,57,544,269,657,411
1922,58,164,238,253,337
1923,58,161,237,250,337
1924,58,157,234,249,339
1925,58,144,228,245,341
1927,59,464,274,533,325
1928,59,461,275,544,332
1929,59,472,275,556,335
1930,59,478,274,570,338
1931,59,483,271,586,342
1932,59,493,271,602,345
1933,59,495,271,609,346
1934,59,507,270,624,349
1935,59,516,270,635,352
1936,59,528,268,645,356
1941,60,-5,138,165,436
1942,60,-3,144,154,431
1943,60,-6,150,130,424
1944,60,-6,155,110,420
1945,60,-4,157,101,419
1971,61,234,278,279,309
1972,61,228,278,272,309
1973,61,226,279,269,310
1974,61,220,279,262,312
1975,61,218,279,259,312
1976,61,217,278,259,314
1977,61,215,278,258,315
1978,61,211,279,255,318
1979,61,209,277,255,318
1980,61,205,276,253,319
1981,61,204,276,253,320
1982,61,199,275,251,321
1983,61,193,274,247,321
1984,61,187,272,243,322
1985,61,180,270,237,323
1986,61,175,268,233,322
1987,61,173,266,233,322
1988,61,164,267,230,327
1989,61,154,267,225,329
1990,61,144,265,221,332
1991,61,132,264,215,334
1992,61,120,264,208,337
1993,61,115,264,206,338
1994,61,105,265,201,342
1995,61,91,265,194,345
1996,61,76,263,185,350
1997,61,59,262,174,356
1998,61,44,262,166,361
1999,61,37,260,165,364
2000,61,19,262,154,370
2001,61,7,263,144,375
2002,61,-2,263,133,381
2003,61,-9,261,120,383
2004,61,-16,258,100,384
2005,61,-15,255,91,386
2006,61,-18,267,74,399
1986,62,245,268,281,304
1987,62,245,268,281,304
1988,62,241,270,279,306
1989,62,236,269,276,307
1990,62,231,269,273,307
1991,62,226,268,269,307
1992,62,221,269,264,308
1993,62,219,269,262,309
1994,62,217,269,260,309
1995,62,214,270,259,310
1996,62,212,271,258,312
1997,62,211,271,258,312
1998,62,209,271,257,316
1999,62,207,271,256,318
2000,62,205,271,256,320
2001,62,201,272,254,321
2002,62,196,271,250,322
2003,62,188,271,246,324
2004,62,181,272,241,325
2005,62,178,271,239,325
2006,62,173,271,236,324
2007,62,167,271,233,326
2008,62,158,270,227,326
2009,62,148,269,222,327
2010,62,137,268,215,329
2011,62,133,267,214,330
2012,62,124,266,210,333
2013,62,114,267,206,339
2014,62,99,266,198,343
2015,62,85,264,191,346
2016,62,66,262,181,351
2017,62,57,260,178,354
2018,62,44,259,171,359
2019,62,26,259,161,365
2020,62,10,258,150,371
2021,62,0,259,141,378
2022,62,-5,257,131,384
2023,62,-7,255,126,388
2024,62,-10,253,111,389
2025,62,-14,259,92,400
2026,62,-18,264,70,406
2005,63,485,258,646,375
2006,63,501,257,651,378
2007,64,459,271,524,319
2008,64,465,271,537,322
2009,64,470,270,552,326
2010,64,479,269,566,330
2011,64,480,268,572,331
2012,64,490,264,586,333
2013,64,504,265,606,340
2014,64,519,265,624,346
2015,64,526,264,635,349
2016,64,536,266,645,355
2017,64,541,265,648,358
2018,64,551,265,651,361
2019,64,568,263,656,361
2106,65,388,269,423,290
2107,65,389,269,426,290
2108,65,390,269,427,290
2109,65,391,268,431,291
2110,65,394,268,435,291
2293,66,98,252,145,284
2294,66,100,253,146,284
2295,66,101,253,147,284
2296,66,99,252,147,285
2297,66,100,252,147,285
2298,66,100,251,148,284
2299,66,99,251,148,284
2300,66,99,250,148,285
2301,66,99,250,148,285
2302,66,99,250,148,286
2303,66,99,250,149,286
2304,66,99,250,149,286
2305,66,99,250,150,286
2306,66,99,250,151,287
2307,66,99,250,151,287
2308,66,100,250,152,288
2309,66,100,250,152,288
2310,66,100,251,154,289
2311,66,101,251,154,290
2312,66,101,251,154,290
2313,66,101,251,154,290
2314,66,101,251,154,290
2315,66,101,251,154,290
2316,66,101,251,154,290
2317,66,101,251,154,290
2318,66,103,251,157,289
2319,66,103,251,157,289
2320,66,103,251,157,289
2321,66,103,251,157,289
2322,66,106,252,160,290
2323,66,108,252,162,290
2324,66,108,252,162,289
2325,66,108,252,162,289
2326,66,107,253,163,289
2327,66,107,253,163,290
2328,66,106,253,163,290
2329,66,106,253,164,290
2330,66,106,254,164,291
2331,66,106,254,164,290
2332,66,106,253,165,290
2333,66,106,253,165,290
2334,66,106,253,166,291
2335,66,106,253,166,291
2336,66,106,253,167,292
2337,66,106,253,168,292
2338,66,107,253,169,292
2339,66,109,253,171,292
2340,66,110,253,173,292
2341,66,111,253,173,292
2342,66,111,253,174,292
2343,66,113,253,175,292
2344,66,114,253,176,293
2345,66,116,254,178,294
2346,66,117,254,179,294
2347,66,118,254,179,294
2348,66,119,254,180,294
2349,66,120,253,181,294
2350,66,120,253,181,294
2351,66,120,254,182,293
2352,66,121,254,183,294
2353,66,121,254,184,294
2354,66,121,254,184,293
2355,66,122,254,186,294
2356,66,122,254,187,294
2357,66,123,255,189,294
2358,66,124,255,190,294
2359,66,124,255,191,294
2360,66,125,255,193,294
2361,66,126,254,194,294
2362,66,127,254,195,294
2363,66,127,254,196,294
2364,66,128,254,197,294
2365,66,129,254,198,294
2366,66,129,254,199,294
2367,66,130,254,199,294
2368,66,133,255,202,295
2369,66,134,255,203,296
2370,66,134,255,204,296
2371,66,134,256,204,297
2372,66,134,255,204,297
2373,66,134,255,204,296
2374,66,134,255,204,296
2375,66,134,256,205,296
2376,66,134,256,205,296
2377,66,134,256,205,296
2378,66,135,256,205,296
2379,66,136,256,206,296
2380,66,137,255,207,296
2381,66,138,256,207,296
2382,66,141,256,209,296
2383,66,142,256,209,296
2384,66,142,256,210,297
2385,66,144,255,212,296
2386,66,146,255,214,296
2387,66,147,255,215,297
2388,66,148,255,216,297
2389,66,148,255,216,297
2390,66,150,257,219,298
2391,66,151,258,221,299
2392,66,153,258,223,299
2393,66,154,258,225,299
2394,66,156,258,227,299
2395,66,156,258,228,299
2396,66,157,258,229,299
2397,66,158,258,230,299
2398,66,159,258,231,299
2399,66,159,258,232,299
2400,66,160,258,234,299
2401,66,160,258,234,299
2402,66,160,258,235,299
2403,66,160,259,236,299
2404,66,161,259,237,300
2405,66,161,259,238,300
2406,66,161,259,239,300
2407,66,160,259,239,300
2408,66,162,259,241,300
2409,66,163,259,242,299
2410,66,163,259,242,299
2411,66,163,259,242,299
2412,66,164,259,243,299
2413,66,164,259,243,299
2414,66,165,259,243,299
2415,66,166,259,243,299
2416,66,167,259,244,299
2417,66,168,259,245,299
2418,66,169,259,246,299
2419,66,170,259,246,299
2420,66,171,259,247,299
2421,66,172,259,248,299
2422,66,173,259,249,299
2423,66,174,259,250,299
2424,66,175,259,251,299
2425,66,175,260,251,299
2426,66,175,260,252,299
2427,66,176,259,253,299
2428,66,177,259,254,299
2429,66,179,260,256,299
2430,66,180,260,257,299
2431,66,180,260,257,299
2432,66,181,260,258,300
2433,66,182,259,260,300
2434,66,183,259,261,299
2435,66,184,259,263,299
2436,66,186,259,265,299
2437,66,187,260,266,299
2438,66,188,260,268,299
2439,66,189,259,269,299
2440,66,190,259,270,299
2441,66,191,260,272,299
2442,66,192,260,272,299
2443,66,192,260,272,299
2444,66,192,260,273,299
2445,66,192,260,273,299
2446,66,192,260,274,299
2447,66,192,260,274,299
2448,66,192,260,275,298
2449,66,191,260,275,298
2450,66,191,260,275,298
2451,66,192,260,276,299
2452,66,192,260,276,299
2453,66,192,261,276,299
2454,66,192,261,276,299
2455,66,192,261,275,299
2456,66,193,261,277,300
2457,66,194,261,278,300
2458,66,195,261,278,300
2459,66,195,261,278,300
2460,66,196,261,278,300
2461,66,196,261,278,300
2462,66,196,261,279,301
2463,66,197,260,279,300
2464,66,198,260,279,300
2465,66,198,259,280,300
2466,66,199,259,281,300
2467,66,199,259,281,300
2468,66,200,259,281,300
2469,66,200,259,281,300
2470,66,201,259,281,300
2471,66,202,259,281,300
2472,66,202,259,281,301
2473,66,202,259,281,301
2474,66,203,259,281,301
2475,66,203,259,282,301
2476,66,204,259,282,301
2477,66,204,259,282,300
2478,66,204,259,282,301
2479,66,204,259,282,301
2480,66,205,259,283,301
2481,66,206,259,283,300
2482,66,205,259,283,300
2483,66,205,259,284,300
2484,66,205,259,284,300
2485,66,206,259,284,300
2486,66,206,258,284,300
2487,66,206,258,285,301
2488,66,206,259,285,301
2489,66,207,259,285,301
2490,66,207,259,285,301
2491,66,207,259,286,301
2492,66,207,259,286,301
2493,66,207,259,286,301
2494,66,207,259,286,301
2495,66,207,259,286,301
2496,66,207,259,286,300
2497,66,206,259,286,300
2498,66,207,259,286,300
2499,66,207,259,287,301
2500,66,207,259,287,301
2501,66,207,259,287,301
2502,66,207,259,287,301
2503,66,207,259,287,301
2504,66,207,259,287,301
2505,66,208,259,287,301
2506,66,208,259,287,301
2507,66,208,259,287,301
2508,66,208,259,287,301
2509,66,208,259,287,301
2510,66,209,259,287,301
2511,66,209,260,287,301
2512,66,209,260,288,301
2513,66,209,260,288,301
2514,66,209,260,288,300
2515,66,209,260,288,300
2516,66,209,260,288,300
2517,66,209,260,289,300
2518,66,210,260,289,300
2519,66,211,260,289,299
2520,66,211,260,290,299
2521,66,211,260,290,299
2522,66,211,260,290,300
2523,66,211,260,290,300
2524,66,212,260,290,300
2525,66,212,260,291,300
2526,66,212,260,291,300
2527,66,213,260,291,300
2528,66,213,260,291,300
2529,66,213,260,291,300
2530,66,214,260,291,301
2531,66,214,259,292,301
2532,66,214,259,292,301
2533,66,214,259,292,301
2534,66,215,259,292,301
2535,66,216,259,293,301
2536,66,216,259,294,301
2537,66,217,259,294,301
2538,66,218,259,295,301
2539,66,218,260,296,301
2540,66,219,260,296,301
2541,66,219,260,296,301
2542,66,218,260,296,300
2543,66,218,260,296,300
2544,66,218,260,296,300
2545,66,218,260,296,300
2546,66,218,260,296,300
2547,66,219,260,297,300
2548,66,220,260,298,300
2549,66,221,260,299,300
2550,66,221,260,299,300
2551,66,222,260,299,300
2552,66,222,261,299,300
2553,66,222,261,300,300
2554,66,223,261,301,300
2555,66,223,261,301,300
2556,66,224,262,302,300
2557,66,224,262,302,300
2558,66,224,262,302,300
2559,66,225,262,302,300
2560,66,225,262,303,300
2561,66,226,261,303,300
2562,66,226,261,303,300
2563,66,226,261,303,300
2564,66,226,261,303,300
2565,66,226,261,303,300
2566,66,226,261,303,301
2567,66,225,261,303,301
2568,66,225,260,303,301
2569,66,225,260,303,301
2570,66,225,261,303,301
2571,66,225,260,304,301
2572,66,225,260,304,301
2573,66,225,260,305,301
2574,66,225,260,305,301
2575,66,225,260,305,301
2576,66,225,260,305,301
2577,66,225,260,305,301
2578,66,225,260,305,301
2579,66,226,260,305,301
2580,66,226,260,305,301
2581,66,226,260,305,301
2582,66,226,261,305,301
2583,66,226,260,305,301
2584,66,226,260,306,301
2585,66,226,260,306,301
2586,66,226,260,306,301
2587,66,226,260,306,301
2588,66,226,260,306,301
2589,66,226,260,306,301
2590,66,227,260,305,301
2591,66,227,260,305,301
2592,66,227,260,305,301
2593,66,227,260,305,301
2594,66,227,260,305,301
2595,66,228,260,305,301
2596,66,228,260,306,301
2597,66,228,260,306,301
2598,66,228,260,306,301
2599,66,228,260,306,301
2600,66,228,260,306,301
2601,66,228,260,305,301
2602,66,228,261,305,301
2603,66,228,261,306,301
2604,66,228,260,306,301
2605,66,228,260,306,301
2606,66,228,260,306,301
2607,66,228,260,306,301
2608,66,229,261,308,301
2609,66,230,262,309,300
2610,66,231,262,310,300
2611,66,231,263,310,300
2612,66,231,263,310,300
2613,66,231,263,310,300
2614,66,231,263,310,300
2615,66,231,263,310,300
2616,66,232,263,310,300
2617,66,232,263,310,300
2618,66,232,263,310,300
2619,66,232,263,311,301
2620,66,232,263,311,301
2621,66,232,262,311,300
2622,66,232,262,312,300
2623,66,232,262,312,300
2624,66,233,262,312,300
2625,66,233,262,312,300
2626,66,233,263,312,300
2627,66,233,263,313,300
2628,66,233,263,313,300
2629,66,233,263,313,300
2630,66,233,263,313,300
2631,66,233,263,313,300
2632,66,233,263,313,300
2633,66,234,263,313,300
2634,66,234,262,313,300
2635,66,234,262,313,300
2636,66,234,262,314,300
2637,66,234,262,314,300
2638,66,234,262,313,300
2639,66,234,263,313,300
2640,66,235,263,314,300
2641,66,235,263,314,300
2642,66,235,263,314,300
2643,66,235,263,314,301
2644,66,235,263,314,300
2645,66,235,263,314,300
2646,66,235,263,314,301
2647,66,234,263,314,300
2648,66,234,263,314,300
2649,66,234,263,314,300
2650,66,234,263,314,301
2651,66,234,263,314,301
2652,66,234,263,314,301
2653,66,233,263,314,301
2654,66,233,263,314,301
2655,66,234,263,314,301
2656,66,233,263,314,301
2657,66,234,263,314,301
2658,66,234,263,314,301
2659,66,234,263,315,301
2660,66,235,264,315,301
2661,66,235,264,315,301
2662,66,235,264,315,301
2663,66,235,263,314,300
2664,66,235,263,314,300
2665,66,235,262,315,300
2666,66,236,263,315,300
2667,66,236,263,315,300
2668,66,236,263,315,300
2669,66,236,263,315,300
2670,66,236,263,315,300
2671,66,236,263,315,300
2672,66,237,263,315,300
2673,66,237,263,316,300
2674,66,238,263,316,300
2675,66,238,263,316,300
2676,66,238,262,316,300
2677,66,238,263,316,300
2678,66,238,263,316,300
2679,66,239,263,316,301
2680,66,239,263,317,300
2681,66,240,263,317,300
2682,66,240,263,317,300
2683,66,240,263,317,300
2684,66,240,263,316,300
2685,66,241,262,317,300
2686,66,241,262,318,300
2687,66,241,262,318,301
2688,66,241,262,317,301
2689,66,241,262,317,301
2690,66,241,262,317,301
2691,66,241,262,317,300
2692,66,241,262,317,300
2693,66,241,262,318,300
2694,66,241,262,318,300
2695,66,241,262,318,300
2696,66,241,262,318,300
2697,66,241,262,317,300
2698,66,241,262,317,300
2699,66,242,262,317,300
2700,66,242,262,317,300
2701,66,242,262,317,300
2702,66,242,262,317,300
2703,66,243,262,317,300
2704,66,243,262,317,300
2705,66,243,262,318,300
2706,66,243,261,318,300
2707,66,243,261,318,300
2708,66,243,261,318,300
2709,66,243,262,318,301
2710,66,243,262,318,301
2711,66,243,262,318,301
2712,66,243,262,319,302
2713,66,243,262,319,302
2714,66,243,262,319,301
2715,66,243,262,319,302
2716,66,243,262,320,301
2717,66,244,262,320,301
2718,66,243,261,320,301
2719,66,243,261,320,301
2720,66,243,261,321,301
2721,66,243,261,321,301
2722,66,243,261,321,301
2723,66,244,261,321,301
2724,66,244,261,321,301
2725,66,245,261,322,301
2726,66,245,261,322,301
2727,66,245,262,322,301
2728,66,245,262,322,301
2729,66,247,262,323,301
2730,66,248,262,324,301
2731,66,249,262,324,301
2732,66,250,262,324,301
2733,66,250,262,325,300
2734,66,251,262,325,300
2735,66,252,262,326,301
2736,66,253,262,327,301
2737,66,253,262,327,301
2738,66,253,262,328,301
2739,66,253,262,328,301
2740,66,254,262,328,300
2741,66,254,262,328,300
2742,66,255,262,329,300
2743,66,255,262,329,300
2744,66,256,262,330,300
2745,66,257,262,331,300
2746,66,257,262,331,300
2747,66,257,262,332,300
2748,66,258,262,332,300
2749,66,259,263,333,300
2750,66,259,263,333,300
2751,66,259,263,333,300
2752,66,260,263,334,300
2753,66,260,262,335,300
2754,66,261,262,335,300
2755,66,261,262,335,300
2756,66,261,262,335,300
2757,66,261,263,336,300
2758,66,261,263,336,300
2759,66,261,263,336,301
2760,66,261,263,337,301
2761,66,262,264,337,301
2762,66,262,264,337,301
2763,66,262,264,337,301
2764,66,263,263,337,300
2765,66,263,264,337,300
2766,66,263,264,337,300
2767,66,263,264,337,300
2768,66,264,264,337,300
2769,66,264,264,337,300
2770,66,264,264,337,300
2771,66,264,264,337,300
2772,66,265,265,336,300
2773,66,265,265,336,300
2774,66,266,265,335,300
2775,66,266,265,335,301
2776,66,265,265,335,300
2777,66,265,265,335,301
2778,66,265,266,334,301
2779,66,266,266,334,301
2780,66,266,266,333,302
2781,66,267,266,333,302
2782,66,270,265,335,301
2783,66,271,265,335,301
2784,66,271,265,336,301
2785,66,272,265,336,301
2786,66,271,265,336,301
2787,66,271,266,337,300
2788,66,272,266,337,300
2789,66,272,266,336,300
2790,66,273,266,336,300
2791,66,274,266,336,301
2792,66,275,267,337,301
2793,66,276,266,337,300
2794,66,276,266,338,299
2795,66,277,266,339,299
2796,66,278,266,339,299
2797,66,278,266,339,298
2798,66,279,266,340,299
2799,66,279,266,340,299
2800,66,280,266,340,298
2801,66,280,265,340,298
2802,66,281,265,341,298
2803,66,281,265,341,298
2804,66,282,265,341,297
2805,66,283,266,341,297
2806,66,286,266,343,297
2807,66,287,265,343,297
2808,66,290,266,345,297
2809,66,291,266,345,297
2810,66,292,266,345,297
2811,66,294,266,346,297
2812,66,295,266,346,297
2813,66,296,266,347,297
2814,66,296,266,347,297
2815,66,297,266,347,297
2816,66,297,266,348,297
2817,66,297,266,348,297
2818,66,297,266,348,297
2819,66,297,266,348,297
2820,66,297,266,348,297
2821,66,297,266,348,297
2822,66,297,266,348,297
2823,66,297,266,348,297
2824,66,297,266,348,297
2825,66,297,266,348,297
2826,66,297,266,348,297
2827,66,302,265,350,296
2828,66,302,265,350,296
2829,66,306,265,352,296
2830,66,308,265,351,296
2831,66,310,266,351,296
2832,66,310,266,351,296
2833,66,311,267,350,296
2834,66,312,267,350,296
3663,67,398,270,419,297
3664,67,397,270,419,298
3665,67,398,270,420,298
3666,67,398,271,420,298
3667,67,398,272,420,298
3668,67,398,272,421,298
3669,67,398,272,421,298
3670,67,398,272,421,298
3671,67,399,273,421,299
3672,67,399,273,421,299
3673,67,399,273,421,299
3674,67,399,273,421,299
3675,67,399,273,421,299
3676,67,399,273,421,299
3677,67,399,273,421,299
3678,67,399,273,421,299
3679,67,399,273,421,299
3680,67,399,273,421,299
3681,67,399,273,421,299
3682,67,399,273,421,299
3683,67,400,274,424,303
3684,67,400,274,426,304
3685,67,400,274,426,305
3809,68,514,270,594,341
3810,68,519,269,608,344
3811,68,519,269,613,345
3812,68,519,269,613,345
3813,68,534,266,634,347
3814,68,534,266,634,347
3815,68,534,266,634,347
3816,68,534,266,634,347
3817,68,534,266,634,347
3818,68,534,266,634,347
3819,68,534,266,634,347
3820,68,534,266,634,347
3821,68,534,266,634,347
3822,68,534,266,634,347
3823,68,534,266,634,347
3824,68,534,266,634,347
3825,68,534,266,634,347
3826,68,534,266,634,347
3827,68,534,266,634,347
3828,68,534,266,634,347
3829,68,534,266,634,347
3830,68,534,266,634,347
3831,68,534,266,634,347
3832,68,534,266,634,347
3833,68,534,266,634,347
3834,68,534,266,634,347
3835,68,534,266,634,347
3836,68,534,266,634,347
3837,68,534,266,634,347
3838,68,534,266,634,347
3839,68,534,266,634,347
3840,68,534,266,634,347
3841,68,534,266,634,347
3842,68,534,266,634,347
3843,68,534,266,634,347
3844,68,534,266,634,347
3845,68,534,266,634,347
3846,68,534,266,634,347
3847,68,534,266,634,347
3848,68,534,266,634,347
3849,68,534,266,634,347
3850,68,534,266,634,347
3851,68,534,266,634,347
3852,68,534,266,634,347
3853,68,534,266,634,347
3854,68,534,266,634,347
3855,68,534,266,634,347
3856,68,534,266,634,347
3857,68,534,266,634,347
3858,68,534,266,634,347
3859,68,534,266,634,347
3860,68,528,249,641,341
3870,69,401,279,464,329
3871,69,401,279,464,332
3872,69,404,278,464,325
3873,69,404,278,464,325
3874,69,404,278,464,325
3875,69,414,276,474,321
3876,69,422,276,483,320
3877,69,424,277,486,320
3961,70,35,250,89,286
3962,70,31,251,86,287
3963,70,23,251,78,288
3964,70,23,251,78,288
3965,70,10,250,66,290
4097,71,404,269,440,288
4098,71,405,268,442,289
4099,71,405,268,443,289
4100,71,404,268,444,289
4101,71,406,268,444,289
4102,71,408,269,446,289
4103,71,412,269,449,289
4124,72,445,277,490,307
4125,72,447,275,492,305
4126,72,447,274,493,305
4127,72,447,274,493,305
4128,72,447,274,493,305
4129,72,447,274,493,305
4130,72,450,276,497,307
4131,72,453,276,503,308
4132,72,458,277,509,309
4133,72,462,277,514,310
4134,72,464,277,518,311
4135,72,464,277,519,311
4136,72,467,275,523,310
4137,72,469,274,528,310
4138,72,469,274,528,310
4139,72,469,274,528,310
4140,72,469,274,528,310
4141,72,476,274,539,313
4142,72,476,274,539,313
4143,72,476,274,539,313
4144,72,476,274,539,313
4145,72,490,273,559,315
4136,73,147,259,193,298
4137,73,139,255,189,297
4138,73,134,256,186,298
4139,73,129,255,182,297
4140,73,123,253,178,296
4141,73,121,253,177,296
4142,73,113,252,172,296
4143,73,108,251,169,297
4144,73,105,251,166,298
4145,73,98,252,162,298
4146,73,92,252,158,298
4147,73,90,252,156,298
4148,73,84,252,152,298
4149,73,84,252,152,298
4150,73,84,252,152,298
4151,73,84,252,152,298
4152,73,84,252,152,298
4153,73,84,252,152,298
4154,73,84,252,152,298
4155,73,48,248,126,299
4322,74,492,279,555,314
4323,74,499,278,566,314
4324,74,513,279,584,317
4325,74,523,279,600,319
4326,74,533,278,619,322
4327,74,535,277,626,324
4328,74,545,277,636,323
4329,74,545,277,636,323
4330,74,567,278,647,323
4384,75,460,265,516,329
4385,75,468,264,527,329
4386,75,473,263,535,333
4387,75,474,262,537,334
4388,75,483,260,548,334
4389,75,489,260,557,336
4390,75,498,258,571,338
4509,76,502,276,590,314
4510,76,514,275,599,312
4511,76,526,276,610,312
4512,76,538,277,627,314
4513,76,541,277,634,314
4514,76,553,277,643,315
4515,76,567,276,649,313
4516,76,584,274,653,312
4589,77,402,246,494,349
4590,77,404,245,499,351
4591,77,404,243,501,352
4592,77,406,242,507,353
4593,77,409,243,512,355
4594,77,409,243,512,355
4595,77,409,243,512,355
4596,77,409,243,512,355
4597,77,407,236,529,362
4598,77,406,236,532,363
4599,77,411,235,539,363
4600,77,413,232,546,365
4601,77,414,229,552,368
4602,77,415,226,559,369
4603,77,415,224,562,371
4604,77,416,222,568,375
4605,77,418,228,577,381
4606,77,421,229,588,385
4607,77,419,230,597,390
4608,77,417,230,603,395
4609,77,415,229,607,397
4610,77,419,230,611,398
4611,77,426,229,622,398
4612,77,426,229,622,398
4613,77,426,229,622,398
4614,77,426,229,622,398
4615,77,426,229,622,398
4616,77,430,217,640,419
4617,77,425,213,640,423
4618,77,433,213,645,430
4619,77,438,215,647,442
4620,77,444,208,646,442
4621,77,448,203,644,443
4622,77,451,206,645,456
4623,77,456,202,647,464
4624,77,460,198,647,469
4625,77,468,189,648,461
4626,77,472,191,648,470
4627,77,474,190,647,474
4628,77,479,181,646,466
4629,77,487,181,648,455
4630,77,497,182,649,456
4631,77,504,182,649,454
4632,77,510,181,649,453
4633,77,514,181,647,452
4634,77,520,194,646,461
4635,77,526,202,646,464
4636,77,535,208,648,465
4637,77,542,216,648,467
4592,78,173,256,238,291
4593,78,167,256,229,291
4594,78,160,256,221,291
4595,78,156,256,217,291
4596,78,152,256,214,291
4597,78,151,255,214,291
4616,79,60,246,160,306
4617,79,54,247,158,307
4618,79,46,244,157,307
4619,79,39,245,154,310
4620,79,31,243,144,309
4621,79,29,242,140,309
4622,79,24,241,137,309
4623,79,14,240,128,309
4624,79,6,238,122,310
4625,79,1,237,117,309
4626,79,-4,237,108,310
4627,79,-5,237,104,310
4628,79,-7,234,96,307
4629,79,-9,232,87,306
4630,79,-9,230,80,305
4631,79,-12,230,67,307
4660,80,494,278,539,320
4661,80,501,279,549,321
4662,80,510,279,560,321
4663,80,512,279,564,320
4664,80,516,278,573,322
4665,80,524,279,582,322
4666,80,533,280,598,326
4667,80,544,281,613,329
4668,80,554,281,627,330
4669,80,557,280,632,331
4670,80,563,280,640,332
4665,81,430,275,474,313
4666,81,435,275,482,314
4667,81,442,274,491,316
4668,81,445,273,495,316
4669,81,445,273,496,315
4670,81,448,273,499,317
4671,81,451,273,506,319
4672,81,456,271,514,320
4673,81,465,271,527,322
4674,81,473,271,538,324
4675,81,475,271,543,326
4676,81,480,270,551,326
4677,81,491,272,569,332
4678,81,500,271,583,335
4679,81,511,270,603,338
4680,81,524,269,620,341
4681,81,528,268,628,343
4682,81,537,267,639,344
4683,81,547,265,646,347
4684,81,561,266,651,351
4685,81,577,265,655,352
4673,82,359,271,394,308
4674,82,359,271,394,309
4675,82,359,271,394,309
4676,82,360,272,396,310
4677,82,361,272,398,311
4678,82,363,272,401,311
4679,82,364,272,403,312
4680,82,365,272,405,312
4681,82,364,272,406,313
4682,82,364,271,407,312
4683,82,365,271,409,312
4683,83,501,269,555,317
4684,83,508,270,563,319
4685,83,516,269,572,320
4686,83,527,268,585,320
4687,83,530,268,589,320
4688,84,494,268,556,328
4689,84,494,268,556,328
4690,84,504,265,585,334
4691,84,516,267,608,338
4692,84,526,266,625,341
4693,84,529,266,632,342
4694,84,529,266,632,342
4695,84,543,265,644,346
4696,84,555,265,651,350
4695,85,376,270,416,315
4696,85,377,270,417,314
4697,85,378,269,418,313
4698,85,379,269,419,312
4699,85,379,269,419,312
4700,85,379,268,419,311
4701,85,380,267,421,310
4702,85,380,267,421,310
4703,85,380,267,421,310
4704,85,380,267,421,310
4705,85,380,267,421,310
4706,85,380,267,421,310
4707,85,383,268,425,314
4708,85,383,269,427,316
4709,85,383,269,429,317
4710,85,382,269,429,319
4711,85,382,268,430,320
4712,85,382,269,430,321
4713,85,381,268,431,322
4714,85,381,268,432,323
4715,85,381,267,433,324
4716,85,381,266,435,325
4717,85,381,266,435,325
4718,85,381,265,437,326
4719,85,382,263,439,326
4720,85,383,263,441,327
4721,85,384,263,444,327
4722,85,386,263,447,328
4723,85,387,263,448,328
4724,85,389,264,450,327
4725,85,390,273,453,331
4726,85,390,276,453,333
4727,85,391,277,454,333
4728,85,392,278,457,334
4729,85,392,278,458,334
4730,85,392,277,460,335
4731,85,392,277,461,336
4732,85,393,275,462,337
4733,85,393,273,466,338
4734,85,393,270,469,340
4735,85,391,269,469,341
4736,85,391,268,470,342
4737,85,392,267,472,343
4738,85,392,267,473,344
4739,85,392,267,473,345
4740,85,392,266,477,345
4741,85,392,266,479,346
4742,85,395,265,482,347
4743,85,397,263,484,347
4744,85,397,260,485,345
4745,85,397,259,486,344
4746,85,398,258,489,345
4747,85,399,259,489,347
4748,85,401,258,491,348
4749,85,402,258,494,350
4750,85,404,257,497,352
4751,85,405,257,502,353
4752,85,407,253,508,351
4753,85,407,252,511,351
4754,85,407,253,514,354
4755,85,409,253,519,357
4756,85,410,253,522,359
4757,85,410,251,525,361
4758,85,411,251,528,364
4759,85,410,250,529,366
4760,85,409,250,531,370
4761,85,414,249,538,371
4762,85,418,249,543,373
4763,85,420,248,547,374
4764,85,420,247,551,375
4765,85,420,246,553,375
4766,85,420,246,557,377
4767,85,422,245,562,379
4768,85,423,245,568,380
4769,85,423,245,575,383
4770,85,423,247,580,388
4771,85,422,247,583,389
4772,85,424,247,590,394
4773,85,424,245,595,398
4774,85,424,244,600,401
4775,85,426,243,604,403
4776,85,431,240,613,407
4777,85,433,238,616,409
4778,85,436,237,623,412
4779,85,435,237,631,420
4780,85,442,236,638,424
4781,85,444,230,639,422
4782,85,444,230,640,430
4783,85,444,229,641,435
4784,85,442,228,641,440
4785,85,442,228,641,440
4786,85,442,228,641,440
4787,85,444,227,642,447
4788,85,446,224,643,452
4789,85,447,222,643,456
4790,85,453,219,645,460
4791,85,458,216,645,463
4792,85,463,212,646,466
4793,85,465,209,645,468
4794,85,467,205,645,468
4795,85,469,203,644,470
4796,85,473,202,644,470
4797,85,475,201,644,472
4798,85,475,201,644,472
4799,85,475,201,644,472
4800,85,475,201,644,472
4801,85,509,204,647,466
4802,85,513,209,645,465
4803,85,519,213,646,463
4804,85,519,213,646,463
4805,85,528,229,647,474
4806,85,536,245,648,477
4807,85,540,254,647,475
4736,86,357,266,393,306
4737,86,356,265,393,306
4738,86,356,266,393,306
4739,86,356,266,394,306
4740,86,356,265,394,305
4741,86,356,264,395,304
4742,86,357,263,396,305
4743,86,357,261,397,304
4744,86,357,260,398,303
4745,86,358,260,399,304
4746,86,357,260,399,304
4747,86,357,260,400,304
4748,86,357,260,400,304
4749,86,358,260,401,304
4750,86,358,259,400,304
4751,86,357,259,400,304
4752,86,358,259,400,304
4753,86,358,259,400,304
4754,86,360,258,402,304
4755,86,361,258,404,304
4756,86,360,258,404,304
4757,86,359,258,402,304
4758,86,358,259,401,305
4759,86,358,259,401,306
4760,86,359,259,401,305
4761,86,359,258,401,306
4762,86,361,257,403,305
4763,86,363,257,404,305
4772,87,364,257,410,304
4773,87,365,257,410,305
4774,87,364,258,411,305
4775,87,364,258,412,306
4776,87,363,257,412,306
4777,87,363,257,412,306
4778,87,363,257,413,307
4878,88,363,268,406,305
4879,88,363,269,407,305
4880,88,363,269,407,305
4881,88,363,269,407,305
4882,88,364,270,408,305
4883,88,365,271,410,306
4884,88,366,271,411,306
4885,88,366,271,411,306
4886,88,366,271,411,306
4887,88,366,271,411,306
4888,88,366,271,411,306
4889,88,368,272,414,307
4890,88,369,273,415,308
4891,88,370,273,416,308
4892,88,370,272,417,308
4893,88,370,272,418,307
4894,88,371,271,419,307
4895,88,371,271,420,307
4896,88,373,271,420,308
4897,88,373,271,420,309
4898,88,373,271,421,310
4899,88,374,272,421,311
4900,88,374,272,421,311
4901,88,374,272,421,312
4902,88,373,273,421,313
4903,88,373,273,421,314
4904,88,373,275,421,315
4905,88,373,275,421,316
4906,88,373,275,422,317
4907,88,374,275,422,317
4908,88,374,275,423,317
4909,88,374,275,423,318
4910,88,375,273,424,316
4911,88,376,273,425,316
4912,88,375,272,426,316
4913,88,375,271,426,314
4896,89,426,199,636,412
4897,89,425,197,638,413
4898,89,427,196,640,415
4899,89,427,196,640,415
4900,89,427,196,640,415
4901,89,427,196,640,415
4902,89,426,190,642,423
4903,89,427,189,642,425
4904,89,434,189,643,426
4905,89,438,190,643,429
4916,90,460,169,634,458
4917,90,462,165,634,460
4918,90,463,160,636,461
4919,90,465,158,638,462
4920,90,466,156,640,469
4921,90,466,154,640,473
4922,90,471,157,641,470
4923,90,473,161,641,465
4924,90,476,163,641,460
4925,90,479,157,639,446
4926,90,485,157,639,439
4927,90,488,158,638,435
4928,90,490,161,635,432
4929,90,493,165,636,442
4930,90,493,165,636,442
4931,90,493,165,636,442
4932,90,493,165,636,442
4933,90,514,171,640,445
4934,90,516,172,639,447
4935,90,520,176,639,448
4936,90,523,176,639,448
4937,90,529,181,640,448
4938,90,537,184,642,451
4939,90,541,184,642,452
4940,90,544,195,641,462
4941,90,550,201,642,467
4922,91,382,273,431,319
4923,91,383,273,433,320
4924,91,383,272,435,320
4925,91,383,271,436,320
4926,91,383,271,437,321
4927,91,383,271,437,322
4928,91,384,271,439,322
4929,91,386,271,442,323
4930,91,387,271,444,324
4931,91,388,271,446,325
4932,91,388,271,448,325
4933,91,387,272,448,325
4934,91,388,271,450,325
4935,91,387,271,451,326
4936,91,386,274,452,330
4937,91,385,276,452,333
4938,91,386,276,456,336
4939,91,387,275,457,337
4940,91,387,274,458,338
4941,91,387,273,460,340
4942,91,388,272,462,340
4943,91,391,271,465,340
4944,91,391,271,468,339
4945,91,391,271,469,339
4946,91,392,271,472,339
4947,91,393,272,473,338
4948,91,394,272,475,339
4949,91,393,272,477,341
4950,91,392,271,478,342
4951,91,392,270,479,342
4952,91,391,270,481,343
4953,91,390,269,482,343
4954,91,393,271,483,345
4955,91,396,272,485,347
4956,91,397,273,487,348
4957,91,398,273,487,348
4958,91,398,273,487,349
4959,91,398,272,489,350
4960,91,398,271,490,350
4961,91,398,268,493,348
4962,91,399,267,495,347
4963,91,399,266,496,346
4964,91,399,265,497,346
4965,91,400,265,499,346
4966,91,401,265,502,348
4967,91,404,265,506,349
4968,91,405,265,510,350
4969,91,405,265,512,351
4970,91,405,264,514,352
4971,91,405,264,518,354
4972,91,405,263,520,354
4973,91,406,264,524,357
4974,91,406,263,527,359
4975,91,406,263,528,360
4976,91,406,263,531,362
4977,91,408,262,537,362
4978,91,409,262,539,363
4979,91,410,261,541,364
4980,91,412,259,545,364
4981,91,412,259,546,365
4982,91,414,259,550,367
4983,91,416,259,554,369
4984,91,418,258,559,371
4985,91,420,260,565,375
4986,91,422,260,570,378
4987,91,421,260,572,379
4988,91,422,259,575,380
4989,91,427,258,584,381
4990,91,429,258,591,383
4991,91,429,258,596,384
4992,91,431,257,601,386
4993,91,432,256,604,387
4994,91,432,260,605,394
4995,91,434,262,609,397
4996,91,439,263,614,400
4997,91,442,263,619,402
4998,91,449,261,629,406
4999,91,452,259,634,408
5000,91,453,258,637,409
5001,91,453,259,639,411
5002,91,453,262,640,417
5003,91,454,262,641,420
5004,91,454,261,641,421
5005,91,454,260,641,422
5006,91,456,260,642,425
5007,91,459,258,643,430
5008,91,458,264,642,446
5009,91,463,266,643,455
5010,91,463,264,643,459
5011,91,464,262,642,462
5012,91,464,251,640,448
5013,91,467,258,641,459
5014,91,467,258,641,459
5015,91,467,258,641,459
5016,91,467,258,641,459
5017,91,480,243,643,435
5018,91,482,242,643,435
5019,91,483,242,641,435
5020,91,486,242,640,433
5021,91,488,243,638,430
5022,91,492,245,637,429
5023,91,494,246,635,428
5024,91,502,244,640,434
5025,91,509,241,644,438
5026,91,513,252,644,454
5027,91,513,252,644,454
5028,91,513,252,644,454
5029,91,513,252,644,454
5030,91,525,261,644,463
5031,91,529,272,644,464
4922,92,429,271,475,315
4923,92,433,271,479,315
4924,92,434,270,479,314
4933,93,450,271,511,325
4934,93,452,270,514,326
4935,93,455,269,519,327
4936,93,461,269,528,328
4937,93,464,273,535,332
4938,93,469,275,542,335
4939,93,471,276,545,336
4940,93,471,275,548,337
4941,93,473,272,554,339
4942,93,476,270,562,341
4943,93,479,267,573,342
4944,93,486,266,581,344
4945,93,488,264,586,345
4946,93,493,266,590,347
4947,93,498,265,596,348
4948,93,505,264,606,349
4949,93,512,263,616,351
4950,93,518,263,625,353
4951,93,520,263,628,355
4952,93,522,261,633,356
4953,93,527,260,639,359
4954,93,534,261,644,362
4955,93,542,260,647,365
4956,93,550,258,648,367
4957,93,554,257,648,369
4958,93,561,255,649,372
4959,93,568,256,649,375
4960,93,576,255,649,376
4961,93,586,252,650,375
4975,94,496,262,559,328
4987,95,532,257,641,354
4988,95,534,257,642,357
4989,95,541,259,644,357
4990,95,546,261,644,361
4991,95,556,259,646,359
5015,96,480,274,525,308
5016,96,483,273,526,308
5017,96,484,273,525,307
5018,96,485,273,529,309
5019,96,486,272,532,310
5020,96,492,272,539,310
5021,96,499,272,548,311
5022,96,503,272,557,312
5023,96,504,272,560,313
5024,96,507,272,564,313
5025,96,512,273,569,315
5026,96,517,273,576,317
5027,96,524,273,583,317
5028,96,530,273,591,318
5029,96,531,273,594,319
5030,97,446,275,490,308
5031,97,449,277,495,311
5032,97,450,276,499,312
5033,97,451,276,502,313
5034,97,454,275,508,315
5035,97,455,276,510,316
5036,97,460,275,516,316
5037,97,466,274,523,316
5038,97,470,273,531,316
5039,97,476,273,536,318
5040,97,482,275,543,319
5041,97,484,275,546,320
5042,97,486,275,551,321
5043,97,490,275,557,321
5044,97,495,273,566,320
5045,97,503,273,579,323
5046,97,511,273,591,325
5047,97,513,272,596,326
5048,97,517,271,604,327
5049,98,384,272,426,322
5050,98,384,272,427,324
5051,98,384,272,427,324
5052,98,385,271,427,324
5053,98,385,271,426,324
5054,98,385,271,427,325
5055,98,386,272,429,326
5056,98,385,270,430,326
5057,98,385,270,431,326
5058,98,384,270,431,326
5059,98,384,270,431,327
5060,98,383,270,431,327
5061,98,384,269,432,328
5062,98,385,269,434,327
5063,98,385,269,434,327
5064,98,388,269,437,327
5065,98,389,269,439,326
5066,98,390,270,441,327
5067,98,390,271,442,328
5068,98,391,271,444,328
5069,98,392,271,446,329
5070,98,389,271,447,334
5071,98,388,270,448,337
5072,98,389,269,451,339
5073,98,389,269,453,340
5074,98,390,268,455,342
5075,98,391,268,457,342
5076,98,391,267,458,342
5077,98,391,267,459,342
5078,98,391,267,461,341
5079,98,392,267,463,341
5080,98,395,265,465,337
5081,98,395,265,466,336
5082,98,395,264,467,337
5083,98,395,264,467,337
5084,98,397,263,468,338
5085,98,397,263,468,338
5086,98,397,263,472,342
5087,98,397,263,474,344
5088,98,397,262,475,345
5089,98,396,262,475,346
5088,99,472,270,513,308
5089,99,473,270,514,308
5090,99,477,272,520,312
5091,99,480,272,525,312
5092,99,481,271,528,312
5093,99,483,272,531,313
5094,99,484,272,534,313
5095,99,484,272,536,313
5096,99,489,271,543,313
5097,99,489,271,543,313
5098,99,499,269,556,314
5099,99,499,269,556,314
5100,99,499,269,556,314
5101,99,499,269,556,314
5102,99,517,272,583,321
5103,99,522,271,591,322
5104,99,530,270,600,322
5105,99,536,268,611,324
5105,100,416,259,511,360
5106,100,415,259,514,362
5107,100,415,259,514,362
5108,100,415,258,518,363
5109,100,415,257,522,367
5110,100,414,256,524,369
5111,100,418,257,527,371
5112,100,420,257,528,371
5113,100,422,256,529,372
5114,100,424,255,531,371
5115,100,426,254,535,373
5116,100,428,254,539,377
5117,100,428,252,544,378
5118,100,428,252,548,379
5119,100,428,251,550,380
5120,100,429,250,555,380
5121,100,430,249,559,381
5122,100,431,247,564,381
5132,101,356,270,388,309
5133,101,356,271,388,309
5134,101,356,271,389,309
5135,101,355,271,390,309
5136,101,355,271,391,310
5137,101,355,271,391,310
5138,101,355,271,392,310
5139,101,355,271,392,310
5140,101,355,271,392,311
5141,101,355,271,392,311
5142,101,355,271,393,311
5143,101,355,271,392,312
5144,101,355,272,393,312
5145,101,356,271,394,312
5146,101,356,271,393,312
5147,101,356,271,393,312
5148,101,356,271,393,313
5149,101,356,270,394,312
5150,101,357,270,394,313
5151,101,358,270,395,313
5152,101,358,270,396,312
5153,101,358,270,397,312
5154,101,360,270,399,313
5155,101,361,270,400,313
5156,101,361,270,400,313
5157,101,362,270,402,314
5158,101,362,269,403,314
5159,101,364,269,405,314
5160,101,364,269,406,313
5161,101,364,269,406,313
5162,101,364,269,407,313
5163,101,364,269,408,313
5164,101,364,268,409,313
5165,101,364,268,409,313
5166,101,364,268,409,313
5167,101,364,268,409,313
5168,101,364,268,410,313
5169,101,364,268,410,313
5170,101,364,268,410,313
5171,101,364,268,410,313
5172,101,364,268,410,313
5173,101,364,268,410,313
5174,101,364,268,410,313
5175,101,364,268,410,313
5176,101,364,268,410,313
5177,101,364,268,410,313
5178,101,364,268,410,313
5179,101,364,268,410,313
5180,101,364,268,410,313
5181,101,364,268,410,313
5182,101,364,268,410,313
5183,101,364,268,410,313
5184,101,364,268,410,313
5185,101,364,268,410,313
5186,101,364,268,410,313
5187,101,364,268,410,313
5188,101,364,268,410,313
5189,101,376,269,423,316
5190,101,380,269,429,318
5191,101,381,269,431,320
5192,101,382,269,433,321
5193,101,383,268,434,321
5194,101,383,268,435,322
5195,101,383,268,435,322
5196,101,383,268,435,322
5197,101,383,268,435,322
5198,101,383,268,435,322
5199,101,383,268,435,322
5200,101,386,267,440,323
5201,101,387,267,442,324
5202,101,387,266,443,325
5203,101,387,265,444,325
5204,101,387,264,446,326
5205,101,387,264,447,326
5206,101,387,264,449,326
5207,101,388,264,451,327
5208,101,387,264,451,327
5209,101,387,265,452,327
5210,101,387,265,453,326
5211,101,387,265,455,327
5212,101,388,264,457,328
5213,101,387,264,459,329
5214,101,387,264,459,329
5215,101,387,264,462,330
5216,101,387,263,464,332
5217,101,388,263,468,333
5218,101,391,263,473,335
5219,101,393,262,475,335
5220,101,393,261,476,335
5221,101,394,261,477,336
5222,101,396,261,479,335
5223,101,398,262,481,336
5224,101,398,262,482,336
5225,101,399,262,484,337
5226,101,399,262,487,337
5227,101,399,263,489,338
5228,101,400,263,490,338
5229,101,399,262,491,338
5230,101,400,262,494,339
5231,101,400,262,496,340
5232,101,402,261,499,340
5233,101,402,261,500,340
5234,101,402,260,503,342
5235,101,403,260,506,342
5236,101,404,259,509,343
5237,101,406,260,514,348
5238,101,408,259,519,351
5239,101,408,259,521,353
5240,101,410,259,524,355
5241,101,410,258,527,358
5242,101,409,257,529,360
5243,101,410,257,533,362
5244,101,411,258,537,364
5245,101,410,258,538,366
5246,101,413,258,542,368
5247,101,414,258,546,370
5248,101,415,257,550,370
5249,101,416,257,553,373
5250,101,418,255,557,374
5251,101,418,254,559,375
5252,101,420,255,566,378
5253,101,422,256,573,380
5254,101,422,256,573,380
5255,101,426,257,584,383
5256,101,425,258,591,386
5257,101,423,258,595,389
5258,101,421,257,600,391
5259,101,419,256,605,393
5260,101,419,256,605,393
5261,101,419,256,605,393
5262,101,419,256,605,393
5263,101,419,256,605,393
5264,101,419,256,605,393
5265,101,419,256,605,393
5266,101,419,256,605,393
5267,101,419,256,605,393
5268,101,419,256,605,393
5269,101,419,256,605,393
5270,101,419,256,605,393
5271,101,419,256,605,393
5272,101,419,256,605,393
5273,101,419,256,605,393
5274,101,419,256,605,393
5275,101,419,256,605,393
5276,101,441,256,630,414
5277,101,441,256,630,414
5278,101,441,256,630,414
5279,101,441,256,630,414
5280,101,441,256,630,414
5281,101,441,256,630,414
5282,101,441,256,630,414
5283,101,441,256,630,414
5284,101,441,256,630,414
5285,101,441,256,630,414
5286,101,469,253,647,424
5287,101,481,250,651,431
5288,101,481,250,651,431
5289,101,481,250,651,431
5290,101,498,244,656,436
5291,101,507,242,654,442
5292,101,514,257,651,458
5293,101,518,262,648,465
5143,102,470,250,629,430
5144,102,474,253,630,431
5145,102,480,251,632,431
5146,102,480,251,632,431
5147,102,480,251,632,431
5148,102,480,251,632,431
5149,102,486,240,636,441
5150,102,490,239,639,440
5151,102,494,238,639,441
5152,102,496,238,641,442
5153,102,498,236,641,443
5154,102,506,236,643,444
5155,102,509,235,642,445
5156,102,511,234,641,448
5157,102,513,232,640,449
5158,102,518,231,640,449
5159,102,523,231,641,451
5160,102,526,232,641,452
5161,102,528,232,640,453
5162,102,531,231,640,452
5163,102,533,244,641,465
5164,102,537,253,641,469
5165,102,546,262,644,471
5221,103,366,255,400,304
5388,104,389,263,432,331
5389,104,388,263,432,331
5390,104,389,263,433,330
5391,104,390,263,435,330
5392,104,390,264,436,330
5393,104,390,264,437,330
5394,104,391,264,438,330
5395,104,391,264,438,330
5396,104,391,264,439,330
5397,104,391,264,440,329
5398,104,391,264,441,329
5399,104,391,264,442,329
5400,104,392,264,443,329
5401,104,392,264,443,329
5402,104,392,264,445,329
5403,104,393,264,445,329
5404,104,393,263,446,329
5405,104,393,264,446,329
5406,104,393,264,446,329
5407,104,393,264,447,330
5408,104,393,265,447,330
5409,104,393,265,447,330
5410,104,393,265,448,330
5411,104,394,266,449,330
5412,104,394,266,450,330
5413,104,395,266,451,331
5414,104,394,265,450,330
5415,104,396,264,451,330
5416,104,396,264,451,331
5417,104,398,264,453,331
5418,104,399,264,454,331
5419,104,399,264,454,331
5420,104,399,264,453,332
5421,104,400,263,454,333
5422,104,401,263,454,333
5423,104,403,262,455,333
5424,104,403,262,456,334
5425,104,403,262,456,334
5426,104,404,263,456,333
5427,104,405,267,457,338
5428,104,405,265,457,336
5402,105,440,149,641,432
5403,105,442,147,641,435
5404,105,442,145,641,438
5405,105,443,143,642,442
5406,105,445,140,641,447
5407,105,446,138,641,451
5408,105,447,135,640,451
5409,105,448,132,640,453
5410,105,450,131,639,454
5411,105,451,131,638,456
5412,105,452,130,639,457
5413,105,453,129,638,458
5414,105,452,128,637,459
5415,105,453,127,636,459
5416,105,453,129,634,458
5417,105,454,128,636,455
5418,105,454,128,636,455
5419,105,454,128,636,455
5420,105,454,128,636,455
5421,105,455,126,636,457
5422,105,455,124,635,457
5423,105,454,122,634,453
5424,105,455,122,634,452
5425,105,455,122,633,452
5426,105,455,123,633,451
5427,105,456,123,633,448
5428,105,457,124,633,447
